{
  "welcomeFile": "index.html",
  "authenticationMethod": "route",
  "routes": [
    {
      "source": "^/PRD/(.*)$",
      "target": "/PRD/$1",
      "destination": "api-nodejs-srv",
      "authenticationType": "xsuaa",
      "csrfProtection": false
    },
    {
      "source": "/user-api/currentUser$",
      "target": "/currentUser",
      "service": "sap-approuter-userapi"
    },
    {
      "source": "^(.*)$",
      "target": "$1",
      "service": "html5-apps-repo-rt",
      "authenticationType": "xsuaa"
    }
  ]
}
